Row ID,Order ID,Order Date,Ship Date,Ship Mode,Customer ID,Customer Name,Segment,Country,City,State,Postal Code,Region,Product ID,Category,Sub-Category,Product Name,Sales,Quantity,Discount,Profit
48,CA-2017-169194,6/20/2017,6/25/2017,Standard Class,LH-16900,Lena Hernandez,Consumer,United States,Dover,Delaware,19901,East,TEC-AC-10002167,Technology,Accessories,Imation 8gb Micro Traveldrive Usb 2.0 Flash Drive,45,3,0,4.95
49,CA-2017-169194,6/20/2017,6/25/2017,Standard Class,LH-16900,Lena Hernandez,Consumer,United States,Dover,Delaware,19901,East,TEC-PH-10003988,Technology,Phones,"LF Elite 3D Dazzle Designer Hard Case Cover, Lf Stylus Pen and Wiper For Apple Iphone 5c Mini Lite",21.8,2,0,6.104
68,CA-2015-106376,12/5/2015,12/10/2015,Standard Class,BS-11590,Brendan Sweed,Corporate,United States,Gilbert,Arizona,85234,West,OFF-AR-10002671,Office Supplies,Art,"Hunt BOSTON Model 1606 High-Volume Electric Pencil Sharpener, Beige",1113.024,8,0.2,111.3024
69,CA-2015-106376,12/5/2015,12/10/2015,Standard Class,BS-11590,Brendan Sweed,Corporate,United States,Gilbert,Arizona,85234,West,TEC-PH-10002726,Technology,Phones,netTALK DUO VoIP Telephone Service,167.968,4,0.2,62.988
134,CA-2017-145583,10/13/2017,10/19/2017,Standard Class,LC-16885,Lena Creighton,Consumer,United States,Roseville,California,95661,West,OFF-PA-10001804,Office Supplies,Paper,Xerox 195,20.04,3,0,9.6192
135,CA-2017-145583,10/13/2017,10/19/2017,Standard Class,LC-16885,Lena Creighton,Consumer,United States,Roseville,California,95661,West,OFF-PA-10001736,Office Supplies,Paper,Xerox 1880,35.44,1,0,16.6568
136,CA-2017-145583,10/13/2017,10/19/2017,Standard Class,LC-16885,Lena Creighton,Consumer,United States,Roseville,California,95661,West,OFF-AR-10001149,Office Supplies,Art,"Sanford Colorific Colored Pencils, 12/Box",11.52,4,0,3.456
137,CA-2017-145583,10/13/2017,10/19/2017,Standard Class,LC-16885,Lena Creighton,Consumer,United States,Roseville,California,95661,West,OFF-FA-10002988,Office Supplies,Fasteners,Ideal Clamps,4.02,2,0,1.9698
138,CA-2017-145583,10/13/2017,10/19/2017,Standard Class,LC-16885,Lena Creighton,Consumer,United States,Roseville,California,95661,West,OFF-BI-10004781,Office Supplies,Binders,GBC Wire Binding Strips,76.176,3,0.2,26.6616
139,CA-2017-145583,10/13/2017,10/19/2017,Standard Class,LC-16885,Lena Creighton,Consumer,United States,Roseville,California,95661,West,OFF-SU-10001218,Office Supplies,Supplies,Fiskars Softgrip Scissors,65.88,6,0,18.4464
140,CA-2017-145583,10/13/2017,10/19/2017,Standard Class,LC-16885,Lena Creighton,Consumer,United States,Roseville,California,95661,West,FUR-FU-10001706,Furniture,Furnishings,Longer-Life Soft White Bulbs,43.12,14,0,20.6976
163,CA-2017-154508,11/16/2017,11/20/2017,Standard Class,RD-19900,Ruben Dartt,Consumer,United States,Carlsbad,New Mexico,88220,West,OFF-EN-10001990,Office Supplies,Envelopes,Staple envelope,28.4,5,0,13.348
177,US-2018-152366,4/21/2018,4/25/2018,Second Class,SJ-20500,Shirley Jackson,Consumer,United States,Houston,Texas,77036,Central,OFF-AP-10002684,Office Supplies,Appliances,"Acco 7-Outlet Masterpiece Power Center, Wihtout Fax/Phone Line Protection",97.264,4,0.8,-243.16
220,CA-2016-169397,12/24/2016,12/27/2016,First Class,JB-15925,Joni Blumstein,Consumer,United States,Dublin,Ohio,43017,East,OFF-FA-10000585,Office Supplies,Fasteners,OIC Bulk Pack Metal Binder Clips,5.584,2,0.2,1.8148
221,CA-2016-169397,12/24/2016,12/27/2016,First Class,JB-15925,Joni Blumstein,Consumer,United States,Dublin,Ohio,43017,East,OFF-PA-10004000,Office Supplies,Paper,"While You Were Out Pads, 50 per Pad, 4 x 5 1/4, Green Cycle",22.704,6,0.2,8.2302
222,CA-2016-169397,12/24/2016,12/27/2016,First Class,JB-15925,Joni Blumstein,Consumer,United States,Dublin,Ohio,43017,East,OFF-BI-10002852,Office Supplies,Binders,Ibico Standard Transparent Covers,19.776,4,0.7,-13.8432
223,CA-2016-169397,12/24/2016,12/27/2016,First Class,JB-15925,Joni Blumstein,Consumer,United States,Dublin,Ohio,43017,East,FUR-FU-10000087,Furniture,Furnishings,"Executive Impressions 14"" Two-Color Numerals Wall Clock",72.704,4,0.2,19.0848
224,CA-2016-169397,12/24/2016,12/27/2016,First Class,JB-15925,Joni Blumstein,Consumer,United States,Dublin,Ohio,43017,East,TEC-MA-10001148,Technology,Machines,Swingline SM12-08 MicroCut Jam Free Shredder,479.988,4,0.7,-383.9904
225,CA-2016-169397,12/24/2016,12/27/2016,First Class,JB-15925,Joni Blumstein,Consumer,United States,Dublin,Ohio,43017,East,OFF-AR-10001958,Office Supplies,Art,Stanley Bostitch Contemporary Electric Pencil Sharpeners,27.168,2,0.2,2.7168
346,CA-2018-169901,6/15/2018,6/19/2018,Standard Class,CC-12550,Clay Cheatham,Consumer,United States,San Francisco,California,94122,West,TEC-PH-10002293,Technology,Phones,Anker 36W 4-Port USB Wall Charger Travel Power Adapter for iPhone 5s 5c 5,47.976,3,0.2,4.7976
377,US-2017-134656,9/28/2017,10/1/2017,First Class,MM-18280,Muhammed MacIntyre,Corporate,United States,Quincy,Illinois,62301,Central,OFF-PA-10003039,Office Supplies,Paper,Xerox 1960,99.136,4,0.2,30.98
395,CA-2018-102946,6/30/2018,7/5/2018,Standard Class,VP-21730,Victor Preis,Home Office,United States,Las Vegas,Nevada,89115,West,OFF-BI-10004492,Office Supplies,Binders,Tuf-Vin Binders,75.792,3,0.2,25.5798
434,CA-2017-127369,6/6/2017,6/7/2017,First Class,DB-13060,Dave Brooks,Consumer,United States,Lowell,Massachusetts,1852,East,OFF-ST-10003306,Office Supplies,Storage,Letter Size Cart,714.3,5,0,207.147
494,CA-2017-169166,5/9/2017,5/14/2017,Standard Class,SS-20590,Sonia Sunley,Consumer,United States,Seattle,Washington,98115,West,TEC-AC-10000991,Technology,Accessories,Sony Micro Vault Click 8 GB USB 2.0 Flash Drive,93.98,2,0,13.1572
495,US-2017-120929,3/18/2017,3/21/2017,Second Class,RO-19780,Rose O'Brian,Consumer,United States,Memphis,Tennessee,38109,South,FUR-TA-10001857,Furniture,Tables,Balt Solid Wood Rectangular Table,189.882,3,0.4,-94.941
524,US-2017-139486,5/21/2017,5/23/2017,First Class,LH-17155,Logan Haushalter,Consumer,United States,Los Angeles,California,90032,West,TEC-PH-10003555,Technology,Phones,Motorola HK250 Universal Bluetooth Headset,55.176,3,0.2,-12.4146
525,US-2017-139486,5/21/2017,5/23/2017,First Class,LH-17155,Logan Haushalter,Consumer,United States,Los Angeles,California,90032,West,TEC-AC-10003832,Technology,Accessories,Imation 16GB Mini TravelDrive USB 2.0 Flash Drive,66.26,2,0,27.1666
600,US-2017-100720,7/16/2017,7/21/2017,Standard Class,CK-12205,Chloris Kastensmidt,Consumer,United States,Philadelphia,Pennsylvania,19120,East,TEC-PH-10001425,Technology,Phones,Mophie Juice Pack Helium for iPhone,143.982,3,0.4,-28.7964
601,US-2017-100720,7/16/2017,7/21/2017,Standard Class,CK-12205,Chloris Kastensmidt,Consumer,United States,Philadelphia,Pennsylvania,19120,East,TEC-PH-10003963,Technology,Phones,GE 2-Jack Phone Line Splitter,494.376,4,0.4,-115.3544
602,US-2017-100720,7/16/2017,7/21/2017,Standard Class,CK-12205,Chloris Kastensmidt,Consumer,United States,Philadelphia,Pennsylvania,19120,East,OFF-SU-10001574,Office Supplies,Supplies,Acme Value Line Scissors,5.84,2,0.2,0.73
642,CA-2018-167913,7/30/2018,8/3/2018,Second Class,JL-15835,John Lee,Consumer,United States,Mission Viejo,California,92691,West,OFF-ST-10000585,Office Supplies,Storage,Economy Rollaway Files,330.4,2,0,85.904
643,CA-2018-167913,7/30/2018,8/3/2018,Second Class,JL-15835,John Lee,Consumer,United States,Mission Viejo,California,92691,West,OFF-LA-10002787,Office Supplies,Labels,Avery 480,26.25,7,0,12.6
843,CA-2017-161669,11/7/2017,11/9/2017,First Class,EM-14095,Eudokia Martin,Corporate,United States,Los Angeles,California,90036,West,OFF-BI-10001294,Office Supplies,Binders,Fellowes Binding Cases,37.44,4,0.2,11.7
844,CA-2017-161669,11/7/2017,11/9/2017,First Class,EM-14095,Eudokia Martin,Corporate,United States,Los Angeles,California,90036,West,OFF-BI-10001636,Office Supplies,Binders,Ibico Plastic and Wire Spiral Binding Combs,26.976,4,0.2,8.7672
845,CA-2017-161669,11/7/2017,11/9/2017,First Class,EM-14095,Eudokia Martin,Corporate,United States,Los Angeles,California,90036,West,OFF-SU-10002503,Office Supplies,Supplies,Acme Preferred Stainless Steel Scissors,11.36,2,0,3.2944
846,CA-2017-161669,11/7/2017,11/9/2017,First Class,EM-14095,Eudokia Martin,Corporate,United States,Los Angeles,California,90036,West,OFF-LA-10004093,Office Supplies,Labels,Avery 486,14.62,2,0,6.8714
882,CA-2016-129098,10/9/2016,10/13/2016,Standard Class,DK-13090,Dave Kipp,Consumer,United States,Springfield,Virginia,22153,South,OFF-ST-10001321,Office Supplies,Storage,"Decoflex Hanging Personal Folder File, Blue",30.84,2,0,8.3268
901,CA-2018-150959,11/11/2018,11/13/2018,First Class,TD-20995,Tamara Dahlen,Consumer,United States,Garland,Texas,75043,Central,OFF-LA-10001045,Office Supplies,Labels,Permanent Self-Adhesive File Folder Labels for Typewriters by Universal,10.44,5,0.2,3.393
902,CA-2018-150959,11/11/2018,11/13/2018,First Class,TD-20995,Tamara Dahlen,Consumer,United States,Garland,Texas,75043,Central,OFF-BI-10001510,Office Supplies,Binders,Deluxe Heavy-Duty Vinyl Round Ring Binder,18.336,4,0.8,-32.088
980,CA-2016-157035,12/9/2016,12/12/2016,First Class,KB-16600,Ken Brennan,Corporate,United States,Columbus,Indiana,47201,Central,OFF-PA-10004156,Office Supplies,Paper,Xerox 188,34.02,3,0,16.6698
985,CA-2018-100314,9/29/2018,10/5/2018,Standard Class,AS-10630,Ann Steele,Home Office,United States,Pasadena,Texas,77506,Central,OFF-LA-10001569,Office Supplies,Labels,Avery 499,7.968,2,0.2,2.5896
986,CA-2018-100314,9/29/2018,10/5/2018,Standard Class,AS-10630,Ann Steele,Home Office,United States,Pasadena,Texas,77506,Central,OFF-EN-10000461,Office Supplies,Envelopes,"#10- 4 1/8"" x 9 1/2"" Recycled Envelopes",27.968,4,0.2,9.4392
987,CA-2018-100314,9/29/2018,10/5/2018,Standard Class,AS-10630,Ann Steele,Home Office,United States,Pasadena,Texas,77506,Central,TEC-MA-10003066,Technology,Machines,Wasp CCD Handheld Bar Code Reader,336.51,3,0.4,44.868
1010,CA-2018-135034,8/1/2018,8/3/2018,First Class,AT-10735,Annie Thurman,Consumer,United States,Chicago,Illinois,60653,Central,TEC-PH-10003931,Technology,Phones,JBL Micro Wireless Portable Bluetooth Speaker,95.984,2,0.2,5.999
1011,CA-2015-158540,11/24/2015,11/26/2015,First Class,VG-21790,Vivek Gonzalez,Consumer,United States,San Diego,California,92037,West,FUR-FU-10001602,Furniture,Furnishings,"Eldon Delta Triangular Chair Mat, 52"" x 58"", Clear",151.72,4,0,27.3096
1021,CA-2016-124450,4/27/2016,5/3/2016,Standard Class,GT-14710,Greg Tran,Consumer,United States,Washington,District of Columbia,20016,East,OFF-AR-10001166,Office Supplies,Art,Staples in misc. colors,22.74,3,0,8.8686
1022,CA-2016-124450,4/27/2016,5/3/2016,Standard Class,GT-14710,Greg Tran,Consumer,United States,Washington,District of Columbia,20016,East,FUR-CH-10000309,Furniture,Chairs,Global Comet Stacking Arm Chair,1267.53,3,0,316.8825
1023,CA-2016-124450,4/27/2016,5/3/2016,Standard Class,GT-14710,Greg Tran,Consumer,United States,Washington,District of Columbia,20016,East,TEC-MA-10004212,Technology,Machines,Cisco SPA525G2 5-Line IP Phone,1379.92,8,0,648.5624
1037,CA-2017-113061,4/22/2017,4/26/2017,Standard Class,EL-13735,Ed Ludwig,Home Office,United States,Jefferson City,Missouri,65109,Central,FUR-FU-10003975,Furniture,Furnishings,Eldon Advantage Chair Mats for Low to Medium Pile Carpets,86.62,2,0,8.662
1042,CA-2017-102981,9/6/2017,9/9/2017,Second Class,MO-17500,Mary O'Rourke,Consumer,United States,New York City,New York,10035,East,TEC-AC-10004761,Technology,Accessories,Maxell 4.7GB DVD+RW 3/Pack,31.86,2,0,11.151
1043,CA-2017-102981,9/6/2017,9/9/2017,Second Class,MO-17500,Mary O'Rourke,Consumer,United States,New York City,New York,10035,East,FUR-BO-10001811,Furniture,Bookcases,"Atlantic Metals Mobile 5-Shelf Bookcases, Custom Colors",722.352,3,0.2,90.294
1128,CA-2016-105970,3/2/2016,3/7/2016,Standard Class,PA-19060,Pete Armstrong,Home Office,United States,Richmond,Indiana,47374,Central,OFF-AR-10003156,Office Supplies,Art,50 Colored Long Pencils,10.16,1,0,2.6416
1129,CA-2016-105970,3/2/2016,3/7/2016,Standard Class,PA-19060,Pete Armstrong,Home Office,United States,Richmond,Indiana,47374,Central,OFF-EN-10001532,Office Supplies,Envelopes,Brown Kraft Recycled Envelopes,101.88,6,0,50.94
1142,CA-2015-146969,9/29/2015,10/3/2015,Standard Class,AP-10915,Arthur Prichep,Consumer,United States,Los Angeles,California,90045,West,FUR-FU-10004188,Furniture,Furnishings,Luxo Professional Combination Clamp-On Lamps,204.6,2,0,53.196
1143,CA-2015-146969,9/29/2015,10/3/2015,Standard Class,AP-10915,Arthur Prichep,Consumer,United States,Los Angeles,California,90045,West,OFF-FA-10001561,Office Supplies,Fasteners,Stockwell Push Pins,8.72,4,0,2.8776
1144,CA-2015-146969,9/29/2015,10/3/2015,Standard Class,AP-10915,Arthur Prichep,Consumer,United States,Los Angeles,California,90045,West,OFF-PA-10002105,Office Supplies,Paper,Xerox 223,6.48,1,0,3.1104
1145,CA-2015-146969,9/29/2015,10/3/2015,Standard Class,AP-10915,Arthur Prichep,Consumer,United States,Los Angeles,California,90045,West,TEC-MA-10004241,Technology,Machines,Star Micronics TSP800 TSP847IIU Receipt Printer,686.32,2,0.2,223.054
1146,CA-2015-146969,9/29/2015,10/3/2015,Standard Class,AP-10915,Arthur Prichep,Consumer,United States,Los Angeles,California,90045,West,OFF-ST-10004340,Office Supplies,Storage,"Fellowes Mobile File Cart, Black",62.18,1,0,16.7886
1166,CA-2015-117709,5/4/2015,5/8/2015,Standard Class,PM-18940,Paul MacIntyre,Consumer,United States,Jackson,Michigan,49201,Central,OFF-BI-10001294,Office Supplies,Binders,Fellowes Binding Cases,46.8,4,0,21.06
1246,CA-2015-168494,12/12/2015,12/14/2015,Second Class,NP-18700,Nora Preis,Consumer,United States,Fresno,California,93727,West,FUR-TA-10004619,Furniture,Tables,Hon Non-Folding Utility Tables,764.688,6,0.2,95.586
1247,CA-2015-168494,12/12/2015,12/14/2015,Second Class,NP-18700,Nora Preis,Consumer,United States,Fresno,California,93727,West,FUR-TA-10003473,Furniture,Tables,Bretford Rectangular Conference Table Tops,3610.848,12,0.2,135.4068
1248,CA-2015-168494,12/12/2015,12/14/2015,Second Class,NP-18700,Nora Preis,Consumer,United States,Fresno,California,93727,West,FUR-BO-10004467,Furniture,Bookcases,Bestar Classic Bookcase,254.9745,3,0.15,11.9988
1278,CA-2017-148698,5/2/2017,5/7/2017,Standard Class,BD-11770,Bryan Davis,Consumer,United States,Houston,Texas,77070,Central,OFF-AR-10004022,Office Supplies,Art,Panasonic KP-380BK Classic Electric Pencil Sharpener,86.352,3,0.2,5.397
1446,CA-2018-102337,6/13/2018,6/16/2018,First Class,SD-20485,Shirley Daniels,Home Office,United States,Chicago,Illinois,60653,Central,OFF-ST-10004804,Office Supplies,Storage,"Belkin 19"" Vented Equipment Shelf, Black",164.736,4,0.2,-39.1248
1447,CA-2018-102337,6/13/2018,6/16/2018,First Class,SD-20485,Shirley Daniels,Home Office,United States,Chicago,Illinois,60653,Central,FUR-CH-10004289,Furniture,Chairs,Global Super Steno Chair,470.302,7,0.3,-87.3418
1448,CA-2018-102337,6/13/2018,6/16/2018,First Class,SD-20485,Shirley Daniels,Home Office,United States,Chicago,Illinois,60653,Central,TEC-PH-10002564,Technology,Phones,OtterBox Defender Series Case - Samsung Galaxy S4,47.984,2,0.2,5.998
1460,CA-2015-155271,5/4/2015,5/4/2015,Same Day,AA-10480,Andrew Allen,Consumer,United States,Middletown,Connecticut,6457,East,FUR-FU-10001473,Furniture,Furnishings,DAX Wood Document Frame,27.46,2,0,9.8856
1671,CA-2018-159457,10/19/2018,10/26/2018,Standard Class,RD-19480,Rick Duston,Consumer,United States,Houston,Texas,77095,Central,TEC-PH-10002185,Technology,Phones,QVS USB Car Charger 2-Port 2.1Amp for iPod/iPhone/iPad/iPad 2/iPad 3,16.68,3,0.2,5.2125
1706,CA-2016-100545,11/22/2016,11/26/2016,Standard Class,IM-15070,Irene Maddox,Consumer,United States,Philadelphia,Pennsylvania,19120,East,OFF-BI-10003638,Office Supplies,Binders,GBC Durable Plastic Covers,11.61,2,0.7,-9.288
1735,CA-2018-101483,7/29/2018,8/1/2018,Second Class,AG-10675,Anna Gayman,Consumer,United States,Jacksonville,North Carolina,28540,South,OFF-AP-10002082,Office Supplies,Appliances,Holmes HEPA Air Purifier,34.848,2,0.2,6.534
1736,CA-2018-101483,7/29/2018,8/1/2018,Second Class,AG-10675,Anna Gayman,Consumer,United States,Jacksonville,North Carolina,28540,South,TEC-PH-10003442,Technology,Phones,Samsung Replacement EH64AVFWE Premium Headset,22,5,0.2,1.375
1737,CA-2018-101483,7/29/2018,8/1/2018,Second Class,AG-10675,Anna Gayman,Consumer,United States,Jacksonville,North Carolina,28540,South,OFF-AR-10002833,Office Supplies,Art,Newell 322,4.368,3,0.2,0.3822
1738,CA-2016-130204,9/3/2016,9/9/2016,Standard Class,DB-13120,David Bremer,Corporate,United States,San Francisco,California,94122,West,OFF-ST-10001325,Office Supplies,Storage,Sterilite Officeware Hinged File Box,31.44,3,0,8.4888
1739,CA-2016-130204,9/3/2016,9/9/2016,Standard Class,DB-13120,David Bremer,Corporate,United States,San Francisco,California,94122,West,TEC-AC-10003038,Technology,Accessories,Kingston Digital DataTraveler 16GB USB 2.0,17.9,2,0,3.401
1740,CA-2016-130204,9/3/2016,9/9/2016,Standard Class,DB-13120,David Bremer,Corporate,United States,San Francisco,California,94122,West,TEC-AC-10003590,Technology,Accessories,"TRENDnet 56K USB 2.0 Phone, Internet and Fax Modem",129.45,5,0,46.602
1810,CA-2017-165484,10/23/2017,10/29/2017,Standard Class,HK-14890,Heather Kirkland,Corporate,United States,Chicago,Illinois,60610,Central,FUR-FU-10001196,Furniture,Furnishings,DAX Cubicle Frames - 8x10,16.156,7,0.6,-12.117
1811,CA-2017-165484,10/23/2017,10/29/2017,Standard Class,HK-14890,Heather Kirkland,Corporate,United States,Chicago,Illinois,60610,Central,OFF-PA-10000595,Office Supplies,Paper,Xerox 1929,54.816,3,0.2,17.8152
1927,US-2017-139710,6/9/2017,6/15/2017,Standard Class,GM-14680,Greg Matthias,Consumer,United States,Los Angeles,California,90045,West,TEC-PH-10001198,Technology,Phones,Avaya 4621SW VoIP phone,177.48,3,0.2,19.9665
2080,CA-2016-120103,12/24/2016,12/29/2016,Standard Class,MS-17365,Maribeth Schnelling,Consumer,United States,Phoenix,Arizona,85023,West,OFF-PA-10001295,Office Supplies,Paper,Computer Printout Paper with Letter-Trim Perforations,106.232,7,0.2,37.1812
2081,CA-2016-120103,12/24/2016,12/29/2016,Standard Class,MS-17365,Maribeth Schnelling,Consumer,United States,Phoenix,Arizona,85023,West,TEC-PH-10002170,Technology,Phones,ClearSounds CSC500 Amplified Spirit Phone Corded phone,111.984,2,0.2,11.1984
2082,CA-2016-120103,12/24/2016,12/29/2016,Standard Class,MS-17365,Maribeth Schnelling,Consumer,United States,Phoenix,Arizona,85023,West,FUR-FU-10002885,Furniture,Furnishings,Magna Visual Magnetic Picture Hangers,7.712,2,0.2,1.7352
2099,CA-2018-124401,9/7/2018,9/12/2018,Standard Class,RD-19900,Ruben Dartt,Consumer,United States,Portland,Oregon,97206,West,OFF-ST-10000649,Office Supplies,Storage,Hanging Personal Folder File,37.68,3,0.2,2.355
2100,CA-2018-124401,9/7/2018,9/12/2018,Standard Class,RD-19900,Ruben Dartt,Consumer,United States,Portland,Oregon,97206,West,TEC-AC-10002926,Technology,Accessories,Logitech Wireless Marathon Mouse M705,279.944,7,0.2,80.4839
2119,CA-2018-155460,4/13/2018,4/15/2018,First Class,RW-19630,Rob Williams,Corporate,United States,Seattle,Washington,98105,West,OFF-PA-10002479,Office Supplies,Paper,Xerox 4200 Series MultiUse Premium Copy Paper (20Lb. and 84 Bright),5.28,1,0,2.376
2120,CA-2018-155460,4/13/2018,4/15/2018,First Class,RW-19630,Rob Williams,Corporate,United States,Seattle,Washington,98105,West,OFF-BI-10003091,Office Supplies,Binders,GBC DocuBind TL200 Manual Binding Machine,895.92,5,0.2,302.373
2152,CA-2015-167360,11/24/2015,11/29/2015,Second Class,RB-19435,Richard Bierner,Consumer,United States,Saint Louis,Missouri,63116,Central,TEC-AC-10001772,Technology,Accessories,Memorex Mini Travel Drive 16 GB USB 2.0 Flash Drive,111.79,7,0,43.5981
2199,CA-2016-135363,3/28/2016,4/2/2016,Standard Class,CK-12205,Chloris Kastensmidt,Consumer,United States,Philadelphia,Pennsylvania,19120,East,OFF-PA-10003177,Office Supplies,Paper,Xerox 1999,15.552,3,0.2,5.4432
2200,CA-2016-135363,3/28/2016,4/2/2016,Standard Class,CK-12205,Chloris Kastensmidt,Consumer,United States,Philadelphia,Pennsylvania,19120,East,OFF-PA-10000533,Office Supplies,Paper,Southworth Parchment Paper & Envelopes,5.232,1,0.2,1.7004
2203,CA-2016-138002,9/6/2016,9/12/2016,Standard Class,BT-11305,Beth Thompson,Home Office,United States,Seattle,Washington,98103,West,OFF-BI-10002160,Office Supplies,Binders,Acco Hanging Data Binders,6.096,2,0.2,2.1336
2204,CA-2016-138002,9/6/2016,9/12/2016,Standard Class,BT-11305,Beth Thompson,Home Office,United States,Seattle,Washington,98103,West,FUR-FU-10004748,Furniture,Furnishings,"Howard Miller 16"" Diameter Gallery Wall Clock",191.82,3,0,74.8098
2294,CA-2016-130995,11/1/2016,11/6/2016,Standard Class,QJ-19255,Quincy Jones,Corporate,United States,New York City,New York,10009,East,TEC-PH-10000347,Technology,Phones,Cush Cases Heavy Duty Rugged Cover Case for Samsung Galaxy S5 - Purple,4.95,1,0,1.3365
2463,CA-2018-148691,12/3/2018,12/9/2018,Standard Class,CS-12460,Chuck Sachs,Consumer,United States,New York City,New York,10009,East,OFF-BI-10001524,Office Supplies,Binders,GBC Premium Transparent Covers with Diagonal Lined Pattern,83.92,5,0.2,29.372
2464,CA-2018-148691,12/3/2018,12/9/2018,Standard Class,CS-12460,Chuck Sachs,Consumer,United States,New York City,New York,10009,East,OFF-BI-10001553,Office Supplies,Binders,SpineVue Locking Slant-D Ring Binders by Cardinal,14.624,2,0.2,5.1184
2465,CA-2018-148691,12/3/2018,12/9/2018,Standard Class,CS-12460,Chuck Sachs,Consumer,United States,New York City,New York,10009,East,TEC-PH-10000576,Technology,Phones,AT&T 1080 Corded phone,136.99,1,0,36.9873
2466,CA-2018-148691,12/3/2018,12/9/2018,Standard Class,CS-12460,Chuck Sachs,Consumer,United States,New York City,New York,10009,East,OFF-LA-10001317,Office Supplies,Labels,Avery 520,3.15,1,0,1.512
2492,CA-2015-113579,12/13/2015,12/15/2015,Second Class,KD-16345,Katherine Ducich,Consumer,United States,Los Angeles,California,90049,West,OFF-PA-10001457,Office Supplies,Paper,White GlueTop Scratch Pads,90.24,6,0,41.5104
2559,CA-2016-147788,5/31/2016,6/4/2016,Standard Class,TM-21010,Tamara Manning,Consumer,United States,Orem,Utah,84057,West,FUR-BO-10004357,Furniture,Bookcases,O'Sullivan Living Dimensions 3-Shelf Bookcases,1406.86,7,0,140.686
2560,CA-2016-147788,5/31/2016,6/4/2016,Standard Class,TM-21010,Tamara Manning,Consumer,United States,Orem,Utah,84057,West,OFF-LA-10003766,Office Supplies,Labels,Self-Adhesive Removable Labels,15.75,5,0,7.56
2561,CA-2016-147788,5/31/2016,6/4/2016,Standard Class,TM-21010,Tamara Manning,Consumer,United States,Orem,Utah,84057,West,OFF-ST-10000046,Office Supplies,Storage,Fellowes Super Stor/Drawer Files,323.1,2,0,61.389
2575,CA-2015-129091,11/22/2015,11/27/2015,Standard Class,RA-19885,Ruben Ausman,Corporate,United States,Columbus,Georgia,31907,South,OFF-EN-10004955,Office Supplies,Envelopes,Fashion Color Clasp Envelopes,16.23,3,0,7.9527
2576,CA-2015-129091,11/22/2015,11/27/2015,Standard Class,RA-19885,Ruben Ausman,Corporate,United States,Columbus,Georgia,31907,South,OFF-BI-10001071,Office Supplies,Binders,GBC ProClick Punch Binding System,319.9,5,0,156.751
2577,CA-2015-129091,11/22/2015,11/27/2015,Standard Class,RA-19885,Ruben Ausman,Corporate,United States,Columbus,Georgia,31907,South,OFF-EN-10001990,Office Supplies,Envelopes,Staple envelope,11.36,2,0,5.3392
2578,CA-2015-129091,11/22/2015,11/27/2015,Standard Class,RA-19885,Ruben Ausman,Corporate,United States,Columbus,Georgia,31907,South,OFF-AP-10002734,Office Supplies,Appliances,Holmes Harmony HEPA Air Purifier for 17 x 20 Room,675.12,3,0,290.3016
2642,CA-2016-169740,2/20/2016,2/25/2016,Standard Class,LM-17065,Liz MacKendrick,Consumer,United States,Hot Springs,Arkansas,71901,South,TEC-AC-10000927,Technology,Accessories,Anker Ultrathin Bluetooth Wireless Keyboard Aluminum Cover with Stand,29.99,1,0,2.999
2704,CA-2015-143413,5/24/2015,5/30/2015,Standard Class,RP-19390,Resi Pölking,Consumer,United States,Baltimore,Maryland,21215,East,OFF-PA-10002319,Office Supplies,Paper,Xerox 1944,116.28,3,0,56.9772
2778,CA-2016-138534,7/17/2016,7/19/2016,Second Class,JM-15535,Jessica Myrick,Consumer,United States,Bakersfield,California,93309,West,FUR-BO-10003159,Furniture,Bookcases,"Sauder Camden County Collection Libraries, Planked Cherry Finish",195.466,2,0.15,-13.7976
2870,CA-2018-143861,6/12/2018,6/19/2018,Standard Class,LC-16885,Lena Creighton,Consumer,United States,Saint Petersburg,Florida,33710,South,FUR-FU-10001546,Furniture,Furnishings,Dana Swing-Arm Lamps,17.088,2,0.2,1.068
2897,CA-2015-169033,3/30/2015,4/3/2015,Standard Class,KM-16720,Kunst Miller,Consumer,United States,Long Beach,New York,11561,East,OFF-AR-10001915,Office Supplies,Art,Peel-Off China Markers,49.65,5,0,20.853
2928,CA-2018-158106,6/4/2018,6/10/2018,Standard Class,CT-11995,Carol Triggs,Consumer,United States,Apple Valley,Minnesota,55124,Central,OFF-AR-10002255,Office Supplies,Art,Newell 346,8.64,3,0,2.5056
2996,US-2015-150532,7/14/2015,7/21/2015,Standard Class,PB-19150,Philip Brown,Consumer,United States,Phoenix,Arizona,85023,West,OFF-ST-10000760,Office Supplies,Storage,Eldon Fold 'N Roll Cart System,55.92,5,0.2,6.291
3024,CA-2018-124674,11/17/2018,11/23/2018,Standard Class,JB-16000,Joy Bell-,Consumer,United States,Brownsville,Texas,78521,Central,FUR-BO-10002202,Furniture,Bookcases,"Atlantic Metals Mobile 2-Shelf Bookcases, Custom Colors",327.7328,2,0.32,-14.4588
3084,CA-2015-100328,1/28/2015,2/3/2015,Standard Class,JC-15340,Jasper Cacioppo,Consumer,United States,New York City,New York,10024,East,OFF-BI-10000343,Office Supplies,Binders,"Pressboard Covers with Storage Hooks, 9 1/2"" x 11"", Light Blue",3.928,1,0.2,1.3257
3129,CA-2015-136399,12/16/2015,12/17/2015,First Class,CC-12100,Chad Cunningham,Home Office,United States,Los Angeles,California,90049,West,FUR-FU-10004090,Furniture,Furnishings,"Executive Impressions 14"" Contract Wall Clock",44.46,2,0,14.6718
3130,CA-2015-136399,12/16/2015,12/17/2015,First Class,CC-12100,Chad Cunningham,Home Office,United States,Los Angeles,California,90049,West,FUR-CH-10002602,Furniture,Chairs,DMI Arturo Collection Mission-style Design Wood Chair,241.568,2,0.2,18.1176
3131,CA-2015-136399,12/16/2015,12/17/2015,First Class,CC-12100,Chad Cunningham,Home Office,United States,Los Angeles,California,90049,West,TEC-AC-10001142,Technology,Accessories,First Data FD10 PIN Pad,395,5,0,39.5
3132,CA-2015-136399,12/16/2015,12/17/2015,First Class,CC-12100,Chad Cunningham,Home Office,United States,Los Angeles,California,90049,West,TEC-PH-10004977,Technology,Phones,GE 30524EE4,627.168,4,0.2,70.5564
3209,CA-2017-108882,1/9/2017,1/15/2017,Standard Class,LA-16780,Laura Armstrong,Corporate,United States,Fresno,California,93727,West,TEC-AC-10000420,Technology,Accessories,Logitech G500s Laser Gaming Mouse with Adjustable Weight Tuning,349.95,5,0,118.983
3210,CA-2017-108882,1/9/2017,1/15/2017,Standard Class,LA-16780,Laura Armstrong,Corporate,United States,Fresno,California,93727,West,TEC-PH-10002726,Technology,Phones,netTALK DUO VoIP Telephone Service,377.928,9,0.2,141.723
3218,CA-2018-104640,11/10/2018,11/16/2018,Standard Class,FH-14275,Frank Hawley,Corporate,United States,New York City,New York,10024,East,OFF-BI-10003925,Office Supplies,Binders,Fellowes PB300 Plastic Comb Binding Machine,931.176,3,0.2,314.2719
3219,CA-2018-104640,11/10/2018,11/16/2018,Standard Class,FH-14275,Frank Hawley,Corporate,United States,New York City,New York,10024,East,TEC-PH-10002200,Technology,Phones,Aastra 6757i CT Wireless VoIP phone,430.88,2,0,124.9552
3243,CA-2018-114524,3/31/2018,4/5/2018,Second Class,EG-13900,Emily Grady,Consumer,United States,Chicago,Illinois,60623,Central,OFF-BI-10002799,Office Supplies,Binders,"SlimView Poly Binder, 3/8""",13.468,13,0.8,-22.8956
3367,CA-2015-165379,7/9/2015,7/15/2015,Standard Class,BM-11650,Brian Moss,Corporate,United States,Dallas,Texas,75217,Central,OFF-PA-10003072,Office Supplies,Paper,"Eureka Recycled Copy Paper 8 1/2"" x 11"", Ream",10.368,2,0.2,3.6288
3368,CA-2015-165379,7/9/2015,7/15/2015,Standard Class,BM-11650,Brian Moss,Corporate,United States,Dallas,Texas,75217,Central,OFF-PA-10002245,Office Supplies,Paper,Xerox 1895,14.352,3,0.2,4.485
3483,CA-2015-124688,8/27/2015,8/29/2015,First Class,CC-12610,Corey Catlett,Corporate,United States,Springfield,Virginia,22153,South,TEC-PH-10000455,Technology,Phones,GE 30522EE2,579.95,5,0,168.1855
3484,CA-2015-124688,8/27/2015,8/29/2015,First Class,CC-12610,Corey Catlett,Corporate,United States,Springfield,Virginia,22153,South,FUR-FU-10002456,Furniture,Furnishings,"Master Caster Door Stop, Large Neon Orange",29.12,4,0,12.5216
3485,CA-2015-124688,8/27/2015,8/29/2015,First Class,CC-12610,Corey Catlett,Corporate,United States,Springfield,Virginia,22153,South,FUR-TA-10003569,Furniture,Tables,Bretford CR8500 Series Meeting Room Furniture,1202.94,3,0,300.735
3530,CA-2016-141145,9/17/2016,9/23/2016,Standard Class,DB-13405,Denny Blanton,Consumer,United States,Orlando,Florida,32839,South,TEC-AC-10001465,Technology,Accessories,SanDisk Cruzer 64 GB USB Flash Drive,87.168,3,0.2,10.896
3538,CA-2015-158771,5/9/2015,5/9/2015,Same Day,SB-20290,Sean Braxton,Corporate,United States,Henderson,Kentucky,42420,South,OFF-ST-10000107,Office Supplies,Storage,Fellowes Super Stor/Drawer,83.25,3,0,14.985
3539,CA-2015-158771,5/9/2015,5/9/2015,Same Day,SB-20290,Sean Braxton,Corporate,United States,Henderson,Kentucky,42420,South,OFF-LA-10001641,Office Supplies,Labels,Avery 518,9.45,3,0,4.536
3540,CA-2015-158771,5/9/2015,5/9/2015,Same Day,SB-20290,Sean Braxton,Corporate,United States,Henderson,Kentucky,42420,South,OFF-LA-10003121,Office Supplies,Labels,Avery 506,20.65,5,0,9.499
3541,CA-2015-158771,5/9/2015,5/9/2015,Same Day,SB-20290,Sean Braxton,Corporate,United States,Henderson,Kentucky,42420,South,OFF-PA-10002689,Office Supplies,Paper,Weyerhaeuser First Choice Laser/Copy Paper (20Lb. and 88 Bright),45.36,7,0,21.7728
3569,CA-2018-168109,7/3/2018,7/3/2018,Same Day,JK-15640,Jim Kriz,Home Office,United States,Seattle,Washington,98105,West,TEC-AC-10003628,Technology,Accessories,Logitech 910-002974 M325 Wireless Mouse for Web Scrolling,59.98,2,0,26.3912
3570,CA-2018-168109,7/3/2018,7/3/2018,Same Day,JK-15640,Jim Kriz,Home Office,United States,Seattle,Washington,98105,West,TEC-MA-10001148,Technology,Machines,Okidata MB491 Multifunction Printer,2395.2,6,0.2,209.58
3571,CA-2018-168109,7/3/2018,7/3/2018,Same Day,JK-15640,Jim Kriz,Home Office,United States,Seattle,Washington,98105,West,TEC-AC-10002049,Technology,Accessories,Plantronics Savi W720 Multi-Device Wireless Headset System,1687.8,4,0,742.632
3572,CA-2018-168109,7/3/2018,7/3/2018,Same Day,JK-15640,Jim Kriz,Home Office,United States,Seattle,Washington,98105,West,TEC-PH-10000702,Technology,Phones,"Square Credit Card Reader, 4 1/2"" x 4 1/2"" x 1"", White",7.992,1,0.2,2.6973
3662,CA-2017-155005,6/13/2017,6/15/2017,Second Class,SC-20050,Sample Company A,Home Office,United States,Jackson,Michigan,49201,Central,TEC-PH-10003484,Technology,Phones,Ooma Telo VoIP Home Phone System,377.97,3,0,94.4925
3718,CA-2017-142370,9/19/2017,9/23/2017,Standard Class,TP-21130,Theone Pippenger,Consumer,United States,Columbus,Georgia,31907,South,OFF-SU-10003002,Office Supplies,Supplies,Letter Slitter,5.04,2,0,0.1512
3719,CA-2017-142370,9/19/2017,9/23/2017,Standard Class,TP-21130,Theone Pippenger,Consumer,United States,Columbus,Georgia,31907,South,TEC-AC-10002926,Technology,Accessories,Logitech Wireless Marathon Mouse M705,249.95,5,0,107.4785
3781,CA-2015-149643,11/16/2015,11/20/2015,Standard Class,RH-19510,Rick Huthwaite,Home Office,United States,Manhattan,Kansas,66502,Central,TEC-PH-10000038,Technology,Phones,Jawbone MINI JAMBOX Wireless Bluetooth Speaker,273.96,2,0,10.9584
3827,CA-2015-132801,10/7/2015,10/12/2015,Standard Class,JG-15805,John Grady,Corporate,United States,Dallas,Texas,75217,Central,OFF-ST-10001228,Office Supplies,Storage,"Fellowes Personal Hanging Folder Files, Navy",107.44,10,0.2,10.744
3852,CA-2016-127593,9/21/2016,9/21/2016,Same Day,DH-13675,Duane Huffman,Home Office,United States,Quincy,Massachusetts,2169,East,FUR-FU-10004006,Furniture,Furnishings,"Deflect-o DuraMat Lighweight, Studded, Beveled Mat for Low Pile Carpeting",85.3,2,0,14.501
3860,CA-2018-154039,2/17/2018,2/22/2018,Standard Class,JK-16120,Julie Kriz,Home Office,United States,Chicago,Illinois,60653,Central,FUR-TA-10001932,Furniture,Tables,"Chromcraft 48"" x 96"" Racetrack Double Pedestal Table",480.96,3,0.5,-269.3376
3861,CA-2018-154039,2/17/2018,2/22/2018,Standard Class,JK-16120,Julie Kriz,Home Office,United States,Chicago,Illinois,60653,Central,TEC-PH-10002789,Technology,Phones,LG Exalt,124.792,1,0.2,10.9193
4186,CA-2017-111493,10/21/2017,10/22/2017,First Class,CM-12160,Charles McCrossin,Consumer,United States,Baltimore,Maryland,21215,East,TEC-AC-10004510,Technology,Accessories,Logitech Desktop MK120 Mouse and keyboard Combo,98.16,6,0,9.816
4197,US-2016-134271,4/18/2016,4/23/2016,Second Class,RF-19735,Roland Fjeld,Consumer,United States,New York City,New York,10024,East,OFF-LA-10004093,Office Supplies,Labels,Avery 486,21.93,3,0,10.3071
4228,CA-2016-154970,1/5/2016,1/10/2016,Standard Class,SR-20740,Steven Roelle,Home Office,United States,Seattle,Washington,98103,West,FUR-CH-10003396,Furniture,Chairs,Global Deluxe Steno Chair,61.584,1,0.2,-6.9282
4251,CA-2015-168130,9/19/2015,9/19/2015,Same Day,BS-11365,Bill Shonely,Corporate,United States,New York City,New York,10011,East,FUR-CH-10000988,Furniture,Chairs,Hon Olson Stacker Stools,887.103,7,0.1,177.4206
4318,CA-2016-136735,7/26/2016,8/2/2016,Standard Class,HA-14920,Helen Andreada,Consumer,United States,San Francisco,California,94110,West,OFF-EN-10002230,Office Supplies,Envelopes,Airmail Envelopes,167.86,2,0,78.8942
4416,CA-2015-153983,11/29/2015,12/6/2015,Standard Class,AH-10210,Alan Hwang,Consumer,United States,San Francisco,California,94122,West,TEC-PH-10004586,Technology,Phones,Wilson SignalBoost 841262 DB PRO Amplifier Kit,575.92,2,0.2,71.99
4417,CA-2015-153983,11/29/2015,12/6/2015,Standard Class,AH-10210,Alan Hwang,Consumer,United States,San Francisco,California,94122,West,OFF-FA-10003495,Office Supplies,Fasteners,Staples,30.4,5,0,15.2
4496,CA-2018-112753,6/18/2018,6/23/2018,Standard Class,CC-12670,Craig Carreira,Consumer,United States,Los Angeles,California,90032,West,FUR-BO-10004015,Furniture,Bookcases,"Bush Andora Bookcase, Maple/Graphite Gray Finish",917.9235,9,0.15,75.5937
4497,CA-2018-112753,6/18/2018,6/23/2018,Standard Class,CC-12670,Craig Carreira,Consumer,United States,Los Angeles,California,90032,West,OFF-PA-10002036,Office Supplies,Paper,Xerox 1930,38.88,6,0,19.0512
4613,US-2017-165953,12/31/2017,1/6/2018,Standard Class,EP-13915,Emily Phan,Consumer,United States,Jacksonville,Florida,32216,South,OFF-AR-10000588,Office Supplies,Art,Newell 345,47.616,3,0.2,3.5712
4614,US-2017-165953,12/31/2017,1/6/2018,Standard Class,EP-13915,Emily Phan,Consumer,United States,Jacksonville,Florida,32216,South,OFF-PA-10002250,Office Supplies,Paper,Things To Do Today Pad,23.48,5,0.2,8.218
4640,CA-2017-102162,9/11/2017,9/16/2017,Standard Class,JF-15565,Jill Fjeld,Consumer,United States,Newport News,Virginia,23602,South,TEC-CO-10001943,Technology,Copiers,Canon PC-428 Personal Copier,1599.92,8,0,751.9624
4641,CA-2017-102162,9/11/2017,9/16/2017,Standard Class,JF-15565,Jill Fjeld,Consumer,United States,Newport News,Virginia,23602,South,OFF-EN-10002312,Office Supplies,Envelopes,#10 Self-Seal White Envelopes,11.09,1,0,5.4341
4672,CA-2017-133550,7/31/2017,8/6/2017,Standard Class,KL-16645,Ken Lonsdale,Consumer,United States,Detroit,Michigan,48205,Central,OFF-AP-10001005,Office Supplies,Appliances,Honeywell Quietcare HEPA Air Cleaner,283.14,4,0.1,72.358
4673,CA-2017-133550,7/31/2017,8/6/2017,Standard Class,KL-16645,Ken Lonsdale,Consumer,United States,Detroit,Michigan,48205,Central,TEC-PH-10004042,Technology,Phones,ClearOne Communications CHAT 70 OC Speaker Phone,635.96,4,0,165.3496
4674,CA-2017-133550,7/31/2017,8/6/2017,Standard Class,KL-16645,Ken Lonsdale,Consumer,United States,Detroit,Michigan,48205,Central,TEC-PH-10001079,Technology,Phones,Polycom SoundPoint Pro SE-225 Corded phone,118.99,1,0,33.3172
4675,CA-2017-133550,7/31/2017,8/6/2017,Standard Class,KL-16645,Ken Lonsdale,Consumer,United States,Detroit,Michigan,48205,Central,FUR-FU-10002918,Furniture,Furnishings,Eldon ClusterMat Chair Mat with Cordless Antistatic Protection,272.94,3,0,30.0234
4886,CA-2015-151379,12/16/2015,12/20/2015,Standard Class,SC-20695,Steve Chapman,Corporate,United States,Detroit,Michigan,48227,Central,OFF-PA-10000595,Office Supplies,Paper,Xerox 1929,114.2,5,0,52.532
5059,CA-2017-120796,4/3/2017,4/7/2017,Standard Class,CS-11950,Carlos Soltero,Consumer,United States,Philadelphia,Pennsylvania,19140,East,OFF-BI-10004330,Office Supplies,Binders,"GBC Velobind Prepunched Cover Sets, Regency Series",99.846,9,0.7,-83.205
5082,US-2016-137533,12/18/2016,12/18/2016,Same Day,JK-15640,Jim Kriz,Home Office,United States,Cleveland,Ohio,44105,East,OFF-PA-10003441,Office Supplies,Paper,Xerox 226,20.736,4,0.2,7.2576
5259,US-2018-115595,10/9/2018,10/11/2018,First Class,XP-21865,Xylona Preis,Consumer,United States,Los Angeles,California,90032,West,OFF-PA-10001745,Office Supplies,Paper,"Wirebound Message Books, 2 7/8"" x 5"", 3 Forms per Page",35.2,5,0,16.544
5401,CA-2018-132262,9/21/2018,9/23/2018,First Class,ML-18265,Muhammed Lee,Consumer,United States,Seattle,Washington,98103,West,TEC-AC-10000158,Technology,Accessories,Sony 64GB Class 10 Micro SDHC R40 Memory Card,71.98,2,0,15.1158
5402,CA-2018-132262,9/21/2018,9/23/2018,First Class,ML-18265,Muhammed Lee,Consumer,United States,Seattle,Washington,98103,West,TEC-AC-10000303,Technology,Accessories,Logitech M510 Wireless Mouse,79.98,2,0,26.3934
5419,CA-2016-110877,10/23/2016,10/26/2016,First Class,JE-15715,Joe Elijah,Consumer,United States,Houston,Texas,77041,Central,OFF-PA-10004621,Office Supplies,Paper,Xerox 212,36.288,7,0.2,12.7008
5420,CA-2016-110877,10/23/2016,10/26/2016,First Class,JE-15715,Joe Elijah,Consumer,United States,Houston,Texas,77041,Central,TEC-PH-10002103,Technology,Phones,Jabra SPEAK 410,150.384,2,0.2,15.0384
5441,US-2018-153633,11/13/2018,11/18/2018,Second Class,TC-21295,Toby Carlisle,Consumer,United States,Jupiter,Florida,33458,South,OFF-AR-10002335,Office Supplies,Art,DIXON Oriole Pencils,2.064,1,0.2,0.1548
5608,CA-2018-105193,3/25/2018,3/31/2018,Standard Class,JL-15835,John Lee,Consumer,United States,New York City,New York,10024,East,OFF-AR-10001547,Office Supplies,Art,Newell 311,11.05,5,0,2.9835
5612,CA-2018-121027,8/18/2018,8/22/2018,Standard Class,HW-14935,Helen Wasserman,Corporate,United States,Seattle,Washington,98105,West,TEC-AC-10002049,Technology,Accessories,Plantronics Savi W720 Multi-Device Wireless Headset System,843.9,2,0,371.316
5613,CA-2018-121027,8/18/2018,8/22/2018,Standard Class,HW-14935,Helen Wasserman,Corporate,United States,Seattle,Washington,98105,West,TEC-AC-10002253,Technology,Accessories,Imation Bio 8GB USB Flash Drive Imation Corp,1496.16,9,0,224.424
5624,CA-2017-121748,10/24/2017,10/28/2017,Second Class,VW-21775,Victoria Wilson,Corporate,United States,Los Angeles,California,90032,West,TEC-AC-10003063,Technology,Accessories,Micro Innovations USB RF Wireless Keyboard with Mouse,100,4,0,21
5625,CA-2017-121748,10/24/2017,10/28/2017,Second Class,VW-21775,Victoria Wilson,Corporate,United States,Los Angeles,California,90032,West,TEC-AC-10002637,Technology,Accessories,Logitech VX Revolution Cordless Laser Mouse for Notebooks (Black),359.98,2,0,21.5988
5628,CA-2018-148810,6/26/2018,7/1/2018,Standard Class,DR-12880,Dan Reichenbach,Corporate,United States,Miami,Florida,33180,South,OFF-LA-10004689,Office Supplies,Labels,Avery 512,13.872,6,0.2,4.6818
5629,CA-2018-148810,6/26/2018,7/1/2018,Standard Class,DR-12880,Dan Reichenbach,Corporate,United States,Miami,Florida,33180,South,FUR-CH-10001545,Furniture,Chairs,Hon Comfortask Task/Swivel Chairs,273.552,3,0.2,-13.6776
5636,CA-2018-123022,9/3/2018,9/8/2018,Standard Class,SC-20050,Sample Company A,Home Office,United States,La Mesa,California,91941,West,OFF-BI-10002225,Office Supplies,Binders,"Square Ring Data Binders, Rigid 75 Pt. Covers, 11"" x 14-7/8""",82.56,5,0.2,28.896
5637,CA-2018-123022,9/3/2018,9/8/2018,Standard Class,SC-20050,Sample Company A,Home Office,United States,La Mesa,California,91941,West,TEC-AC-10000474,Technology,Accessories,Kensington Expert Mouse Optical USB Trackball for PC or Mac,284.97,3,0,85.491
5647,CA-2016-104241,1/4/2016,1/9/2016,Standard Class,AG-10495,Andrew Gjertsen,Corporate,United States,Alexandria,Virginia,22304,South,FUR-FU-10001473,Furniture,Furnishings,DAX Wood Document Frame,192.22,14,0,69.1992
5675,CA-2017-146318,1/22/2017,1/27/2017,Standard Class,MC-17275,Marc Crier,Consumer,United States,Seattle,Washington,98105,West,OFF-PA-10003953,Office Supplies,Paper,Xerox 218,12.96,2,0,6.2208
5994,CA-2017-162187,12/11/2017,12/11/2017,Same Day,NS-18640,Noel Staavos,Corporate,United States,Columbus,Ohio,43229,East,OFF-ST-10001558,Office Supplies,Storage,Acco Perma 4000 Stacking Storage Drawers,64.96,5,0.2,-4.06
5995,CA-2017-162187,12/11/2017,12/11/2017,Same Day,NS-18640,Noel Staavos,Corporate,United States,Columbus,Ohio,43229,East,OFF-SU-10004782,Office Supplies,Supplies,"Elite 5"" Scissors",13.52,2,0.2,1.69
5996,CA-2017-162187,12/11/2017,12/11/2017,Same Day,NS-18640,Noel Staavos,Corporate,United States,Columbus,Ohio,43229,East,FUR-CH-10003298,Furniture,Chairs,"Office Star - Contemporary Task Swivel chair with Loop Arms, Charcoal",458.43,5,0.3,-137.529
5997,CA-2017-162187,12/11/2017,12/11/2017,Same Day,NS-18640,Noel Staavos,Corporate,United States,Columbus,Ohio,43229,East,OFF-AP-10000576,Office Supplies,Appliances,"Belkin 325VA UPS Surge Protector, 6'",387.136,4,0.2,24.196
5998,CA-2017-162187,12/11/2017,12/11/2017,Same Day,NS-18640,Noel Staavos,Corporate,United States,Columbus,Ohio,43229,East,FUR-TA-10003008,Furniture,Tables,"Lesro Round Back Collection Coffee Table, End Table",328.59,3,0.4,-147.8655
6005,CA-2018-107244,9/7/2018,9/11/2018,Standard Class,AG-10390,Allen Goldenen,Consumer,United States,Los Angeles,California,90004,West,FUR-FU-10002597,Furniture,Furnishings,"C-Line Magnetic Cubicle Keepers, Clear Polypropylene",19.76,4,0,8.2992
6023,CA-2015-130869,11/17/2015,11/21/2015,Standard Class,CB-12025,Cassandra Brandow,Consumer,United States,Cedar Hill,Texas,75104,Central,OFF-EN-10002600,Office Supplies,Envelopes,"Redi-Strip #10 Envelopes, 4 1/8 x 9 1/2",7.08,3,0.2,2.478
6223,CA-2018-140627,12/23/2018,12/27/2018,Standard Class,DK-12985,Darren Koutras,Consumer,United States,Hendersonville,Tennessee,37075,South,FUR-FU-10000087,Furniture,Furnishings,"Executive Impressions 14"" Two-Color Numerals Wall Clock",72.704,4,0.2,19.0848
6224,CA-2018-140627,12/23/2018,12/27/2018,Standard Class,DK-12985,Darren Koutras,Consumer,United States,Hendersonville,Tennessee,37075,South,OFF-AR-10000422,Office Supplies,Art,Pencil and Crayon Sharpener,12.264,7,0.2,1.0731
6225,CA-2018-140627,12/23/2018,12/27/2018,Standard Class,DK-12985,Darren Koutras,Consumer,United States,Hendersonville,Tennessee,37075,South,OFF-ST-10004123,Office Supplies,Storage,Safco Industrial Wire Shelving System,218.352,3,0.2,-54.588
6300,CA-2018-107314,11/30/2018,12/3/2018,First Class,MZ-17335,Maria Zettner,Home Office,United States,San Francisco,California,94109,West,FUR-FU-10003489,Furniture,Furnishings,Contemporary Borderless Frame,25.83,3,0,9.5571
6319,CA-2018-161459,11/25/2018,11/29/2018,Second Class,EB-13750,Edward Becker,Corporate,United States,Laguna Niguel,California,92677,West,TEC-PH-10004071,Technology,Phones,PayAnywhere Card Reader,39.96,5,0.2,3.4965
6320,CA-2018-161459,11/25/2018,11/29/2018,Second Class,EB-13750,Edward Becker,Corporate,United States,Laguna Niguel,California,92677,West,OFF-PA-10002377,Office Supplies,Paper,"Adams Telephone Message Book W/Dividers/Space For Phone Numbers, 5 1/4""X8 1/2"", 200/Messages",34.08,6,0,15.336
6762,CA-2017-162943,7/24/2017,7/26/2017,Second Class,DB-12970,Darren Budd,Corporate,United States,New York City,New York,10035,East,FUR-CH-10001708,Furniture,Chairs,Office Star - Contemporary Swivel Chair with Padded Adjustable Arms and Flex Back,253.764,2,0.1,31.0156
7036,CA-2018-119494,11/9/2018,11/13/2018,Standard Class,JE-15610,Jim Epp,Corporate,United States,San Diego,California,92105,West,FUR-CH-10004675,Furniture,Chairs,"Lifetime Advantage Folding Chairs, 4/Carton",523.392,3,0.2,52.3392
7070,CA-2015-141901,8/9/2015,8/14/2015,Standard Class,GM-14500,Gene McClure,Consumer,United States,Fresno,California,93727,West,OFF-PA-10001667,Office Supplies,Paper,Great White Multi-Use Recycled Paper (20Lb. and 84 Bright),5.98,1,0,2.691
7281,CA-2016-162782,2/21/2016,2/27/2016,Standard Class,PW-19240,Pierre Wener,Consumer,United States,Columbia,Maryland,21044,East,OFF-BI-10003527,Office Supplies,Binders,Fellowes PB500 Electric Punch Plastic Comb Binding Machine with Manual Bind,2541.98,2,0,1270.99
7307,CA-2017-144092,11/5/2017,11/7/2017,Second Class,LH-17155,Logan Haushalter,Consumer,United States,San Jose,California,95123,West,TEC-AC-10002305,Technology,Accessories,KeyTronic E03601U1 - Keyboard - Beige,72,4,0,12.96
7308,CA-2017-144092,11/5/2017,11/7/2017,Second Class,LH-17155,Logan Haushalter,Consumer,United States,San Jose,California,95123,West,FUR-CH-10004875,Furniture,Chairs,Harbour Creations 67200 Series Stacking Chairs,113.888,2,0.2,9.9652
7309,CA-2017-144092,11/5/2017,11/7/2017,Second Class,LH-17155,Logan Haushalter,Consumer,United States,San Jose,California,95123,West,OFF-EN-10001434,Office Supplies,Envelopes,"Strathmore #10 Envelopes, Ultimate White",158.13,3,0,77.4837
7349,CA-2015-130421,3/3/2015,3/7/2015,Standard Class,SC-20020,Sam Craven,Consumer,United States,Houston,Texas,77095,Central,OFF-AP-10002534,Office Supplies,Appliances,3.6 Cubic Foot Counter Height Office Refrigerator,176.772,3,0.8,-459.6072
7399,CA-2015-124807,7/12/2015,7/15/2015,Second Class,ME-17725,Max Engle,Consumer,United States,Chicago,Illinois,60610,Central,OFF-PA-10001526,Office Supplies,Paper,Xerox 1949,35.856,9,0.2,12.9978
7400,CA-2015-124807,7/12/2015,7/15/2015,Second Class,ME-17725,Max Engle,Consumer,United States,Chicago,Illinois,60610,Central,TEC-AC-10002857,Technology,Accessories,"Verbatim 25 GB 6x Blu-ray Single Layer Recordable Disc, 1/Pack",23.84,4,0.2,3.278
7711,US-2016-142811,4/2/2016,4/7/2016,Standard Class,JL-15850,John Lucas,Consumer,United States,Mesa,Arizona,85204,West,TEC-PH-10003095,Technology,Phones,Samsung HM1900 Bluetooth Headset,87.8,5,0.2,32.925
7869,CA-2017-136994,5/27/2017,6/2/2017,Standard Class,LS-17245,Lynn Smith,Consumer,United States,Los Angeles,California,90045,West,OFF-PA-10000575,Office Supplies,Paper,"Wirebound Message Books, Four 2 3/4 x 5 White Forms per Page",13.38,2,0,6.1548
7894,CA-2018-125367,7/23/2018,7/30/2018,Standard Class,NM-18445,Nathan Mautz,Home Office,United States,New York City,New York,10011,East,OFF-BI-10002412,Office Supplies,Binders,Wilson Jones “Snap” Scratch Pad Binder Tool for Ring Binders,13.92,3,0.2,4.35
7915,CA-2018-165323,6/17/2018,6/21/2018,Standard Class,SR-20740,Steven Roelle,Home Office,United States,New York City,New York,10024,East,TEC-MA-10003673,Technology,Machines,Hewlett-Packard Desktjet 6988DT Refurbished Printer,3404.5,5,0,1668.205
7916,CA-2018-165323,6/17/2018,6/21/2018,Standard Class,SR-20740,Steven Roelle,Home Office,United States,New York City,New York,10024,East,TEC-AC-10004992,Technology,Accessories,Kingston Digital DataTraveler 64GB USB 2.0,101.34,3,0,8.1072
7988,US-2017-117793,8/23/2017,8/29/2017,Standard Class,MA-17560,Matt Abelman,Home Office,United States,Sheboygan,Wisconsin,53081,Central,OFF-LA-10002945,Office Supplies,Labels,"Permanent Self-Adhesive File Folder Labels for Typewriters, 1 1/8 x 3 1/2, White",25.2,4,0,11.592
7989,US-2017-117793,8/23/2017,8/29/2017,Standard Class,MA-17560,Matt Abelman,Home Office,United States,Sheboygan,Wisconsin,53081,Central,OFF-LA-10003537,Office Supplies,Labels,Avery 515,37.59,3,0,17.6673
7990,US-2017-117793,8/23/2017,8/29/2017,Standard Class,MA-17560,Matt Abelman,Home Office,United States,Sheboygan,Wisconsin,53081,Central,OFF-ST-10002406,Office Supplies,Storage,Pizazz Global Quick File,14.97,1,0,4.1916
7991,US-2017-117793,8/23/2017,8/29/2017,Standard Class,MA-17560,Matt Abelman,Home Office,United States,Sheboygan,Wisconsin,53081,Central,TEC-AC-10003433,Technology,Accessories,Maxell 4.7GB DVD+R 5/Pack,1.98,2,0,0.891
8038,CA-2018-169012,7/10/2018,7/14/2018,Standard Class,BF-11275,Beth Fritzler,Corporate,United States,Columbus,Georgia,31907,South,OFF-AP-10003278,Office Supplies,Appliances,Belkin 7-Outlet SurgeMaster Home Series,41.91,3,0,10.8966
8046,CA-2017-145611,9/20/2017,9/24/2017,Standard Class,HA-14905,Helen Abelman,Consumer,United States,New York City,New York,10035,East,OFF-AP-10001005,Office Supplies,Appliances,Honeywell Quietcare HEPA Air Cleaner,393.25,5,0,129.7725
8212,CA-2017-116337,11/7/2017,11/12/2017,Standard Class,MC-17845,Michael Chen,Consumer,United States,Dallas,Texas,75220,Central,FUR-FU-10002030,Furniture,Furnishings,"Executive Impressions 14"" Contract Wall Clock with Quartz Movement",44.46,5,0.6,-17.784
8213,CA-2017-116337,11/7/2017,11/12/2017,Standard Class,MC-17845,Michael Chen,Consumer,United States,Dallas,Texas,75220,Central,OFF-ST-10001272,Office Supplies,Storage,"Mini 13-1/2 Capacity Data Binder Rack, Pearl",314.088,3,0.2,19.6305
8264,CA-2016-138457,9/13/2016,9/17/2016,Standard Class,AM-10705,Anne McFarland,Consumer,United States,Jacksonville,North Carolina,28540,South,OFF-BI-10000014,Office Supplies,Binders,Heavy-Duty E-Z-D Binders,13.092,4,0.7,-10.0372
8281,CA-2018-134810,5/9/2018,5/10/2018,First Class,MC-17605,Matt Connell,Corporate,United States,Jacksonville,North Carolina,28540,South,OFF-EN-10002504,Office Supplies,Envelopes,"Tyvek  Top-Opening Peel & Seel Envelopes, Plain White",65.232,3,0.2,22.0158
8282,CA-2018-134810,5/9/2018,5/10/2018,First Class,MC-17605,Matt Connell,Corporate,United States,Jacksonville,North Carolina,28540,South,FUR-CH-10001270,Furniture,Chairs,Harbour Creations Steel Folding Chair,207,3,0.2,25.875
8361,CA-2018-147207,1/2/2018,1/4/2018,Second Class,TS-21655,Trudy Schmidt,Consumer,United States,El Paso,Texas,79907,Central,OFF-AR-10001955,Office Supplies,Art,Newell 319,31.744,2,0.2,3.968
8362,CA-2018-147207,1/2/2018,1/4/2018,Second Class,TS-21655,Trudy Schmidt,Consumer,United States,El Paso,Texas,79907,Central,OFF-AP-10000027,Office Supplies,Appliances,Hoover Commercial SteamVac,5.432,2,0.8,-13.58
8363,CA-2018-147207,1/2/2018,1/4/2018,Second Class,TS-21655,Trudy Schmidt,Consumer,United States,El Paso,Texas,79907,Central,FUR-TA-10002958,Furniture,Tables,"Bevis Oval Conference Table, Walnut",913.43,5,0.3,-169.637
8364,CA-2018-147207,1/2/2018,1/4/2018,Second Class,TS-21655,Trudy Schmidt,Consumer,United States,El Paso,Texas,79907,Central,OFF-ST-10002615,Office Supplies,Storage,"Dual Level, Single-Width Filing Carts",372.144,3,0.2,27.9108
8392,CA-2018-110625,12/23/2018,12/30/2018,Standard Class,JB-16045,Julia Barnett,Home Office,United States,Danbury,Connecticut,6810,East,FUR-FU-10001473,Furniture,Furnishings,DAX Wood Document Frame,27.46,2,0,9.8856
8446,CA-2018-125451,10/23/2018,10/24/2018,First Class,AH-10075,Adam Hart,Corporate,United States,Cranston,Rhode Island,2920,East,FUR-TA-10001039,Furniture,Tables,KI Adjustable-Height Table,240.744,4,0.3,-13.7568
8447,CA-2018-125451,10/23/2018,10/24/2018,First Class,AH-10075,Adam Hart,Corporate,United States,Cranston,Rhode Island,2920,East,FUR-FU-10004963,Furniture,Furnishings,"Eldon 400 Class Desk Accessories, Black Carbon",35,4,0,14.7
8448,CA-2018-125451,10/23/2018,10/24/2018,First Class,AH-10075,Adam Hart,Corporate,United States,Cranston,Rhode Island,2920,East,FUR-FU-10000277,Furniture,Furnishings,Deflect-o DuraMat Antistatic Studded Beveled Mat for Medium Pile Carpeting,210.68,2,0,50.5632
8449,CA-2018-125451,10/23/2018,10/24/2018,First Class,AH-10075,Adam Hart,Corporate,United States,Cranston,Rhode Island,2920,East,FUR-TA-10004915,Furniture,Tables,"Office Impressions End Table, 20-1/2""H x 24""W x 20""D",637.896,3,0.3,-127.5792
8450,CA-2018-125451,10/23/2018,10/24/2018,First Class,AH-10075,Adam Hart,Corporate,United States,Cranston,Rhode Island,2920,East,OFF-PA-10003724,Office Supplies,Paper,"Wirebound Message Book, 4 per Page",43.44,8,0,21.2856
8451,CA-2018-125451,10/23/2018,10/24/2018,First Class,AH-10075,Adam Hart,Corporate,United States,Cranston,Rhode Island,2920,East,OFF-AP-10002906,Office Supplies,Appliances,Hoover Replacement Belt for Commercial Guardsman Heavy-Duty Upright Vacuum,2.22,1,0,0.666
8484,CA-2017-126284,9/20/2017,9/24/2017,Standard Class,EN-13780,Edward Nazzal,Consumer,United States,Grand Rapids,Michigan,49505,Central,OFF-BI-10004828,Office Supplies,Binders,GBC Poly Designer Binding Covers,83.7,5,0,41.013
8531,CA-2017-156748,11/30/2017,12/6/2017,Standard Class,BS-11755,Bruce Stewart,Consumer,United States,Detroit,Michigan,48227,Central,OFF-PA-10000380,Office Supplies,Paper,"REDIFORM Incoming/Outgoing Call Register, 11"" X 8 1/2"", 100 Messages",33.36,4,0,16.68
8532,CA-2017-156748,11/30/2017,12/6/2017,Standard Class,BS-11755,Bruce Stewart,Consumer,United States,Detroit,Michigan,48227,Central,OFF-PA-10002713,Office Supplies,Paper,"Adams Phone Message Book, 200 Message Capacity, 8 1/16” x 11”",13.76,2,0,6.3296
8533,CA-2017-156748,11/30/2017,12/6/2017,Standard Class,BS-11755,Bruce Stewart,Consumer,United States,Detroit,Michigan,48227,Central,OFF-ST-10001370,Office Supplies,Storage,Sensible Storage WireTech Storage Systems,496.86,7,0,24.843
8534,CA-2017-156748,11/30/2017,12/6/2017,Standard Class,BS-11755,Bruce Stewart,Consumer,United States,Detroit,Michigan,48227,Central,FUR-CH-10000513,Furniture,Chairs,High-Back Leather Manager's Chair,389.97,3,0,35.0973
8542,CA-2016-157287,12/22/2016,12/23/2016,First Class,HR-14830,Harold Ryan,Corporate,United States,Philadelphia,Pennsylvania,19140,East,OFF-ST-10001172,Office Supplies,Storage,"Tennsco Lockers, Sand",33.568,2,0.2,1.6784
8543,CA-2016-157287,12/22/2016,12/23/2016,First Class,HR-14830,Harold Ryan,Corporate,United States,Philadelphia,Pennsylvania,19140,East,FUR-CH-10001270,Furniture,Chairs,Harbour Creations Steel Folding Chair,422.625,7,0.3,0
8575,CA-2015-159849,9/19/2015,9/19/2015,Same Day,JK-15640,Jim Kriz,Home Office,United States,San Francisco,California,94110,West,OFF-FA-10000053,Office Supplies,Fasteners,Revere Boxed Rubber Bands by Revere,5.67,3,0,0.1134
8576,CA-2018-101273,8/27/2018,8/30/2018,Second Class,ST-20530,Shui Tom,Consumer,United States,Port Saint Lucie,Florida,34952,South,OFF-AP-10000804,Office Supplies,Appliances,Hoover Portapower Portable Vacuum,14.336,4,0.2,0.896
8615,CA-2017-165918,9/10/2017,9/14/2017,Standard Class,BD-11770,Bryan Davis,Consumer,United States,Edmonds,Washington,98026,West,OFF-LA-10003720,Office Supplies,Labels,Avery 487,7.38,2,0,3.4686
8616,CA-2017-165918,9/10/2017,9/14/2017,Standard Class,BD-11770,Bryan Davis,Consumer,United States,Edmonds,Washington,98026,West,OFF-BI-10004364,Office Supplies,Binders,Storex Dura Pro Binders,14.256,3,0.2,4.455
8617,CA-2017-165918,9/10/2017,9/14/2017,Standard Class,BD-11770,Bryan Davis,Consumer,United States,Edmonds,Washington,98026,West,OFF-PA-10000100,Office Supplies,Paper,Xerox 1945,81.98,2,0,40.1702
8618,CA-2017-165918,9/10/2017,9/14/2017,Standard Class,BD-11770,Bryan Davis,Consumer,United States,Edmonds,Washington,98026,West,OFF-BI-10004826,Office Supplies,Binders,JM Magazine Binder,39.624,3,0.2,13.8684
8745,CA-2016-162376,11/22/2016,11/25/2016,Second Class,HD-14785,Harold Dahlen,Home Office,United States,Cambridge,Massachusetts,2138,East,OFF-AR-10003056,Office Supplies,Art,Newell 341,17.12,4,0,4.9648
8746,CA-2016-162376,11/22/2016,11/25/2016,Second Class,HD-14785,Harold Dahlen,Home Office,United States,Cambridge,Massachusetts,2138,East,OFF-PA-10000300,Office Supplies,Paper,Xerox 1936,59.94,3,0,28.1718
8750,US-2016-163825,6/16/2016,6/19/2016,First Class,LC-16885,Lena Creighton,Consumer,United States,New York City,New York,10009,East,OFF-BI-10003527,Office Supplies,Binders,Fellowes PB500 Electric Punch Plastic Comb Binding Machine with Manual Bind,3050.376,3,0.2,1143.891
8751,US-2016-163825,6/16/2016,6/19/2016,First Class,LC-16885,Lena Creighton,Consumer,United States,New York City,New York,10009,East,TEC-PH-10004922,Technology,Phones,RCA Visys Integrated PBX 8-Line Router,133.98,2,0,33.495
8797,CA-2017-106397,7/7/2017,7/13/2017,Standard Class,MJ-17740,Max Jones,Consumer,United States,Orem,Utah,84057,West,OFF-PA-10003441,Office Supplies,Paper,Xerox 226,12.96,2,0,6.2208
8798,CA-2017-106397,7/7/2017,7/13/2017,Standard Class,MJ-17740,Max Jones,Consumer,United States,Orem,Utah,84057,West,OFF-AR-10004602,Office Supplies,Art,Boston KS Multi-Size Manual Pencil Sharpener,45.98,2,0,12.8744
8799,US-2017-150140,4/6/2017,4/10/2017,Standard Class,VM-21685,Valerie Mitchum,Home Office,United States,Burlington,Vermont,,East,TEC-PH-10002555,Technology,Phones,Nortel Meridian M5316 Digital phone,1294.75,5,0,336.635
8800,CA-2015-116666,5/8/2015,5/10/2015,First Class,KT-16480,Kean Thornton,Consumer,United States,Philadelphia,Pennsylvania,19134,East,TEC-CO-10001449,Technology,Copiers,Hewlett Packard LaserJet 3310 Copier,1799.97,5,0.4,239.996
8821,CA-2018-100622,11/3/2018,11/7/2018,Standard Class,DK-13090,Dave Kipp,Consumer,United States,Orlando,Florida,32839,South,TEC-CO-10003236,Technology,Copiers,Canon Image Class D660 Copier,959.984,2,0.2,311.9948
8822,CA-2018-100622,11/3/2018,11/7/2018,Standard Class,DK-13090,Dave Kipp,Consumer,United States,Orlando,Florida,32839,South,OFF-BI-10002982,Office Supplies,Binders,Avery Self-Adhesive Photo Pockets for Polaroid Photos,4.086,2,0.7,-2.9964
8823,CA-2018-100622,11/3/2018,11/7/2018,Standard Class,DK-13090,Dave Kipp,Consumer,United States,Orlando,Florida,32839,South,OFF-AR-10004010,Office Supplies,Art,Hunt Boston Vacuum Mount KS Pencil Sharpener,55.984,2,0.2,4.1988
8824,CA-2018-100622,11/3/2018,11/7/2018,Standard Class,DK-13090,Dave Kipp,Consumer,United States,Orlando,Florida,32839,South,OFF-PA-10002947,Office Supplies,Paper,Xerox 1923,10.688,2,0.2,3.7408
8869,CA-2017-158260,11/4/2017,11/8/2017,Standard Class,CC-12475,Cindy Chapman,Consumer,United States,San Diego,California,92037,West,TEC-MA-10003176,Technology,Machines,Okidata B400 Printer,686.4,2,0.2,77.22
8875,CA-2018-142489,11/14/2018,11/16/2018,Second Class,TC-21295,Toby Carlisle,Consumer,United States,Houston,Texas,77095,Central,OFF-BI-10003684,Office Supplies,Binders,Wilson Jones Legal Size Ring Binders,21.99,5,0.8,-32.985
8924,CA-2018-133928,6/11/2018,6/17/2018,Standard Class,ZC-21910,Zuschuss Carroll,Consumer,United States,Hickory,North Carolina,28601,South,OFF-BI-10001525,Office Supplies,Binders,"Acco Pressboard Covers with Storage Hooks, 14 7/8"" x 11"", Executive Red",4.572,4,0.7,-3.81
9056,CA-2016-128993,9/12/2016,9/17/2016,Second Class,CC-12670,Craig Carreira,Consumer,United States,Seattle,Washington,98103,West,TEC-AC-10004209,Technology,Accessories,Memorex Froggy Flash Drive 4 GB,21.98,2,0,8.5722
9084,CA-2016-104038,2/6/2016,2/8/2016,First Class,LO-17170,Lori Olson,Corporate,United States,Suffolk,Virginia,23434,South,OFF-ST-10002554,Office Supplies,Storage,Tennsco Industrial Shelving,146.73,3,0,2.9346
9085,CA-2016-104038,2/6/2016,2/8/2016,First Class,LO-17170,Lori Olson,Corporate,United States,Suffolk,Virginia,23434,South,OFF-PA-10002751,Office Supplies,Paper,Xerox 1920,29.9,5,0,13.455
9128,CA-2018-112473,5/25/2018,6/1/2018,Standard Class,JL-15505,Jeremy Lonsdale,Consumer,United States,Houston,Texas,77070,Central,OFF-ST-10002182,Office Supplies,Storage,"Iris 3-Drawer Stacking Bin, Black",50.136,3,0.2,-11.2806
9287,CA-2018-154011,6/19/2018,6/26/2018,Standard Class,DB-13270,Deborah Brumfield,Home Office,United States,Dallas,Texas,75081,Central,OFF-BI-10003166,Office Supplies,Binders,GBC Plasticlear Binding Covers,6.888,3,0.8,-11.0208
9288,CA-2018-154011,6/19/2018,6/26/2018,Standard Class,DB-13270,Deborah Brumfield,Home Office,United States,Dallas,Texas,75081,Central,FUR-TA-10000688,Furniture,Tables,"Chromcraft Bull-Nose Wood Round Conference Table Top, Wood Base",457.485,3,0.3,-84.9615
9349,CA-2017-114860,12/22/2017,12/28/2017,Standard Class,DN-13690,Duane Noonan,Consumer,United States,Moreno Valley,California,92553,West,FUR-FU-10000277,Furniture,Furnishings,Deflect-o DuraMat Antistatic Studded Beveled Mat for Medium Pile Carpeting,842.72,8,0,202.2528
9350,CA-2017-114860,12/22/2017,12/28/2017,Standard Class,DN-13690,Duane Noonan,Consumer,United States,Moreno Valley,California,92553,West,FUR-FU-10001934,Furniture,Furnishings,Magnifier Swing Arm Lamp,41.96,2,0,10.9096
9387,US-2018-127292,1/19/2018,1/23/2018,Standard Class,RM-19375,Raymond Messe,Consumer,United States,Burlington,Vermont,,East,OFF-PA-10000157,Office Supplies,Paper,Xerox 191,79.92,4,0,37.5624
9388,US-2018-127292,1/19/2018,1/23/2018,Standard Class,RM-19375,Raymond Messe,Consumer,United States,Burlington,Vermont,,East,OFF-PA-10001970,Office Supplies,Paper,Xerox 1881,12.28,1,0,5.7716
9389,US-2018-127292,1/19/2018,1/23/2018,Standard Class,RM-19375,Raymond Messe,Consumer,United States,Burlington,Vermont,,East,OFF-AP-10000828,Office Supplies,Appliances,Avanti 4.4 Cu. Ft. Refrigerator,542.94,3,0,152.0232
9390,US-2018-127292,1/19/2018,1/23/2018,Standard Class,RM-19375,Raymond Messe,Consumer,United States,Burlington,Vermont,,East,OFF-EN-10001509,Office Supplies,Envelopes,Poly String Tie Envelopes,2.04,1,0,0.9588
9430,CA-2016-166219,8/28/2016,9/1/2016,Standard Class,BP-11185,Ben Peterman,Corporate,United States,Dallas,Texas,75081,Central,TEC-PH-10004165,Technology,Phones,Mitel MiVoice 5330e IP Phone,1099.96,5,0.2,82.497
9431,CA-2016-166219,8/28/2016,9/1/2016,Standard Class,BP-11185,Ben Peterman,Corporate,United States,Dallas,Texas,75081,Central,FUR-TA-10004607,Furniture,Tables,Hon 2111 Invitation Series Straight Table,103.481,1,0.3,-16.2613
9447,CA-2017-158617,9/22/2017,9/28/2017,Standard Class,AC-10660,Anna Chung,Consumer,United States,Lawrence,Indiana,46226,Central,OFF-PA-10002245,Office Supplies,Paper,Xerox 1895,35.88,6,0,16.146
9450,CA-2015-140032,9/8/2015,9/13/2015,Standard Class,TS-21340,Toby Swindell,Consumer,United States,San Francisco,California,94109,West,OFF-BI-10000822,Office Supplies,Binders,"Acco PRESSTEX Data Binder with Storage Hooks, Light Blue, 9 1/2"" X 11""",8.608,2,0.2,3.0128
9557,CA-2016-156853,12/3/2016,12/5/2016,Second Class,HP-14815,Harold Pawlan,Home Office,United States,Concord,New Hampshire,3301,East,OFF-PA-10003656,Office Supplies,Paper,Xerox 1935,184.66,7,0,84.9436
9702,CA-2017-105291,10/30/2017,11/4/2017,Standard Class,SP-20920,Susan Pistek,Consumer,United States,San Luis Obispo,California,93405,West,OFF-FA-10003059,Office Supplies,Fasteners,Assorted Color Push Pins,3.62,2,0,1.1946
9754,CA-2018-113705,3/27/2018,3/29/2018,Second Class,LC-16870,Lena Cacioppo,Consumer,United States,Richmond,Virginia,23223,South,OFF-LA-10000476,Office Supplies,Labels,"Avery 05222 Permanent Self-Adhesive File Folder Labels for Typewriters, on Rolls, White, 250/Roll",8.26,2,0,3.7996
9755,CA-2018-113705,3/27/2018,3/29/2018,Second Class,LC-16870,Lena Cacioppo,Consumer,United States,Richmond,Virginia,23223,South,OFF-BI-10001679,Office Supplies,Binders,GBC Instant Index System for Binding Systems,17.76,2,0,8.88
9756,CA-2018-113705,3/27/2018,3/29/2018,Second Class,LC-16870,Lena Cacioppo,Consumer,United States,Richmond,Virginia,23223,South,OFF-ST-10001128,Office Supplies,Storage,"Carina Mini System Audio Rack, Model AR050B",332.94,3,0,9.9882
9757,CA-2018-113705,3/27/2018,3/29/2018,Second Class,LC-16870,Lena Cacioppo,Consumer,United States,Richmond,Virginia,23223,South,FUR-TA-10002533,Furniture,Tables,BPI Conference Tables,292.1,2,0,58.42
9758,CA-2018-113705,3/27/2018,3/29/2018,Second Class,LC-16870,Lena Cacioppo,Consumer,United States,Richmond,Virginia,23223,South,TEC-PH-10004006,Technology,Phones,Panasonic KX - TS880B Telephone,206.1,5,0,55.647
9759,CA-2018-113705,3/27/2018,3/29/2018,Second Class,LC-16870,Lena Cacioppo,Consumer,United States,Richmond,Virginia,23223,South,OFF-PA-10002615,Office Supplies,Paper,"Ampad Gold Fibre Wirebound Steno Books, 6"" x 9"", Gregg Ruled",17.64,4,0,8.1144
9775,CA-2015-169019,7/26/2015,7/30/2015,Standard Class,LF-17185,Luke Foster,Consumer,United States,San Antonio,Texas,78207,Central,OFF-BI-10004995,Office Supplies,Binders,GBC DocuBind P400 Electric Binding System,2177.584,8,0.8,-3701.8928
9776,CA-2015-169019,7/26/2015,7/30/2015,Standard Class,LF-17185,Luke Foster,Consumer,United States,San Antonio,Texas,78207,Central,FUR-FU-10004666,Furniture,Furnishings,DAX Clear Channel Poster Frame,17.496,3,0.6,-10.0602
9777,CA-2015-169019,7/26/2015,7/30/2015,Standard Class,LF-17185,Luke Foster,Consumer,United States,San Antonio,Texas,78207,Central,OFF-BI-10001524,Office Supplies,Binders,GBC Premium Transparent Covers with Diagonal Lined Pattern,16.784,4,0.8,-26.8544
9778,CA-2015-169019,7/26/2015,7/30/2015,Standard Class,LF-17185,Luke Foster,Consumer,United States,San Antonio,Texas,78207,Central,TEC-AC-10002076,Technology,Accessories,Microsoft Natural Keyboard Elite,431.136,9,0.2,-26.946
9779,CA-2015-169019,7/26/2015,7/30/2015,Standard Class,LF-17185,Luke Foster,Consumer,United States,San Antonio,Texas,78207,Central,OFF-BI-10001679,Office Supplies,Binders,GBC Instant Index System for Binding Systems,8.88,5,0.8,-13.32
9780,CA-2015-169019,7/26/2015,7/30/2015,Standard Class,LF-17185,Luke Foster,Consumer,United States,San Antonio,Texas,78207,Central,OFF-AP-10003281,Office Supplies,Appliances,Acco 6 Outlet Guardian Standard Surge Suppressor,4.836,2,0.8,-12.09
9828,CA-2018-169999,6/19/2018,6/26/2018,Standard Class,JS-15685,Jim Sink,Corporate,United States,New York City,New York,10035,East,OFF-ST-10001511,Office Supplies,Storage,Space Solutions Commercial Steel Shelving,129.3,2,0,6.465
9829,CA-2018-169999,6/19/2018,6/26/2018,Standard Class,JS-15685,Jim Sink,Corporate,United States,New York City,New York,10035,East,OFF-BI-10004728,Office Supplies,Binders,Wilson Jones Turn Tabs Binder Tool for Ring Binders,11.568,3,0.2,3.7596
9833,CA-2015-133963,5/18/2015,5/22/2015,Second Class,GA-14515,George Ashbrook,Consumer,United States,Dallas,Texas,75220,Central,OFF-PA-10001526,Office Supplies,Paper,Xerox 1949,3.984,1,0.2,1.4442
9906,US-2016-129007,9/13/2016,9/15/2016,First Class,KD-16615,Ken Dana,Corporate,United States,Anaheim,California,92804,West,FUR-FU-10004973,Furniture,Furnishings,Flat Face Poster Frame,131.88,7,0,55.3896
9907,US-2016-129007,9/13/2016,9/15/2016,First Class,KD-16615,Ken Dana,Corporate,United States,Anaheim,California,92804,West,OFF-BI-10001628,Office Supplies,Binders,"Acco Data Flex Cable Posts For Top & Bottom Load Binders, 6"" Capacity",25.032,3,0.2,7.8225
9908,US-2016-129007,9/13/2016,9/15/2016,First Class,KD-16615,Ken Dana,Corporate,United States,Anaheim,California,92804,West,FUR-CH-10000155,Furniture,Chairs,Global Comet Stacking Armless Chair,717.72,3,0.2,71.772
9909,US-2016-129007,9/13/2016,9/15/2016,First Class,KD-16615,Ken Dana,Corporate,United States,Anaheim,California,92804,West,FUR-FU-10002379,Furniture,Furnishings,Eldon Econocleat Chair Mats for Low Pile Carpets,207.35,5,0,24.882
9910,US-2016-129007,9/13/2016,9/15/2016,First Class,KD-16615,Ken Dana,Corporate,United States,Anaheim,California,92804,West,FUR-FU-10004018,Furniture,Furnishings,Tensor Computer Mounted Lamp,44.67,3,0,12.0609
9911,US-2016-129007,9/13/2016,9/15/2016,First Class,KD-16615,Ken Dana,Corporate,United States,Anaheim,California,92804,West,OFF-PA-10000994,Office Supplies,Paper,Xerox 1915,209.7,2,0,100.656
9991,CA-2018-121258,2/26/2018,3/3/2018,Standard Class,DB-13060,Dave Brooks,Consumer,United States,Costa Mesa,California,92627,West,FUR-FU-10000747,Furniture,Furnishings,Tenex B1-RE Series Chair Mats for Low Pile Carpets,91.96,2,0,15.6332
9992,CA-2018-121258,2/26/2018,3/3/2018,Standard Class,DB-13060,Dave Brooks,Consumer,United States,Costa Mesa,California,92627,West,TEC-PH-10003645,Technology,Phones,Aastra 57i VoIP phone,258.576,2,0.2,19.3932
9993,CA-2018-121258,2/26/2018,3/3/2018,Standard Class,DB-13060,Dave Brooks,Consumer,United States,Costa Mesa,California,92627,West,OFF-PA-10004041,Office Supplies,Paper,"It's Hot Message Books with Stickers, 2 3/4"" x 5""",29.6,4,0,13.32
Person,Region,,,,,,,,,,,,,,,,,,,
Anna Andreadi,West,,,,,,,,,,,,,,,,,,,
Chuck Magee,East,,,,,,,,,,,,,,,,,,,
Kelly Williams,Central,,,,,,,,,,,,,,,,,,,
Cassandra Brandow,South,,,,,,,,,,,,,,,,,,,
Returned,Order ID,,,,,,,,,,,,,,,,,,,
Yes,CA-2015-124688,,,,,,,,,,,,,,,,,,,
Yes,CA-2015-124688,,,,,,,,,,,,,,,,,,,
Yes,CA-2015-124688,,,,,,,,,,,,,,,,,,,
Yes,CA-2015-169019,,,,,,,,,,,,,,,,,,,
Yes,CA-2015-169019,,,,,,,,,,,,,,,,,,,
Yes,CA-2015-169019,,,,,,,,,,,,,,,,,,,
Yes,CA-2015-169019,,,,,,,,,,,,,,,,,,,
Yes,CA-2015-169019,,,,,,,,,,,,,,,,,,,
Yes,CA-2015-169019,,,,,,,,,,,,,,,,,,,
Yes,CA-2016-154970,,,,,,,,,,,,,,,,,,,
Yes,CA-2016-169397,,,,,,,,,,,,,,,,,,,
Yes,CA-2016-169397,,,,,,,,,,,,,,,,,,,
Yes,CA-2016-169397,,,,,,,,,,,,,,,,,,,
Yes,CA-2016-169397,,,,,,,,,,,,,,,,,,,
Yes,CA-2016-169397,,,,,,,,,,,,,,,,,,,
Yes,CA-2016-169397,,,,,,,,,,,,,,,,,,,
Yes,CA-2017-105291,,,,,,,,,,,,,,,,,,,
Yes,CA-2017-145583,,,,,,,,,,,,,,,,,,,
Yes,CA-2017-145583,,,,,,,,,,,,,,,,,,,
Yes,CA-2017-145583,,,,,,,,,,,,,,,,,,,
Yes,CA-2017-145583,,,,,,,,,,,,,,,,,,,
Yes,CA-2017-145583,,,,,,,,,,,,,,,,,,,
Yes,CA-2017-145583,,,,,,,,,,,,,,,,,,,
Yes,CA-2017-145583,,,,,,,,,,,,,,,,,,,
Yes,CA-2018-101273,,,,,,,,,,,,,,,,,,,
Yes,CA-2018-112753,,,,,,,,,,,,,,,,,,,
Yes,CA-2018-112753,,,,,,,,,,,,,,,,,,,
Yes,CA-2018-121258,,,,,,,,,,,,,,,,,,,
Yes,CA-2018-121258,,,,,,,,,,,,,,,,,,,
Yes,CA-2018-121258,,,,,,,,,,,,,,,,,,,
Yes,CA-2018-124401,,,,,,,,,,,,,,,,,,,
Yes,CA-2018-124401,,,,,,,,,,,,,,,,,,,
Yes,CA-2018-161459,,,,,,,,,,,,,,,,,,,
Yes,CA-2018-161459,,,,,,,,,,,,,,,,,,,
